"mu","clonalmutations","s","t","cellularity","frequency","scmuts","weight"
15.70027756506756,354.40140489870805,0.2922865105243333,8.769735762809008,1.0898937588863384,0.2311,274.0,0.0019447749954862043
14.980546293739286,975.0178996973204,0.5647718457834849,12.746197926407637,1.0708579852394535,0.2694,271.0,0.0016305134381165013
12.372225393776445,760.6911442510609,0.555018337372116,12.86864236917853,1.0733403374258337,0.2257,257.0,0.0020383213947217757
12.198353653949358,1677.0531971053629,0.863830918548957,16.138948876058382,1.092826935949903,0.2334,286.0,0.0016377632669127055
16.164125021023548,1643.2683449139422,0.3017489119204564,8.895819968578108,1.0865814972549515,0.2385,279.0,0.002120833879375878
16.58059607398959,1510.3680776900976,0.4585477993888259,11.479317114948806,1.055965841396295,0.2367,250.0,0.0013861789370250507
11.90710594022373,503.6524958838222,1.1085528819230546,18.008026717872042,1.0983613735281734,0.2479,269.0,0.002323456788138716
15.945136205853263,310.740326302535,0.38224806276743273,10.250893386994937,1.0499319604630684,0.2447,245.0,0.0016231536911432908
15.990765240983713,1325.7524055738538,0.36718838004093685,10.083935877447969,1.0845361357919356,0.2318,246.0,0.001339505369032486
16.276678232736245,1331.5991660322575,0.39489002766936443,10.468307703814716,1.073775470463241,0.2426,289.0,0.0013185616321858048
11.642853046838356,3240.0047225343587,0.5059751877666199,12.240022688007151,1.0682596809541998,0.2221,259.0,0.0020880467107008156
14.101174801889815,3788.6857463238575,0.6230997735123185,13.593002288594349,1.0838471693654184,0.2458,232.0,0.0027056561107224168
15.701814810969921,2301.745485437611,0.3588934890818787,10.009186228266634,1.0945302254898834,0.222,278.0,0.0014821857888189828
15.862367969666206,501.4507312651326,0.512967400185956,12.1732180798657,1.0358479833874168,0.2494,289.0,0.001604070716270748
14.48612981630257,985.5213840601227,0.46856084378494206,11.56639250699325,1.0862278410171973,0.2465,265.0,0.0020720343180067016
13.931859068182089,4040.4008632907294,0.7682766322145943,15.114517946597957,1.0709912801408996,0.2567,177.0,0.0032803342770982174
14.148869726902298,95.906150099326,0.6707623115913665,14.105183676467458,1.0734266489473134,0.2525,353.0,0.0017309411495229918
18.752593900719464,3055.8244420197343,0.3875508877093378,10.284085686738331,1.0851189467642406,0.2534,216.0,0.00177331088920775
16.32405434755163,447.2169553760591,0.42556596129940905,11.05415880773803,1.0853846997605563,0.2257,320.0,0.0017534833188106679
15.453092493778794,764.7476754048214,0.4954960451200422,11.910843700323621,1.0949995266407226,0.2531,266.0,0.002548314328145653
11.708369052049425,2075.9676196370183,0.6555654867287677,13.891939781956196,1.0787826655022608,0.2603,259.0,0.0018915648939390995
17.22202090414654,1327.9640788792485,0.25155504441165505,7.963142536159118,1.0865199444826963,0.2345,236.0,0.0013591215200820857
14.022071030749036,1956.9968417441823,0.5163154541796688,12.336846590356034,1.0994046804086313,0.2293,295.0,0.0018145494826792526
16.955233417384903,290.5839168985899,0.4330030920117025,11.122185273980184,1.0930268871550834,0.2329,268.0,0.0016462436461254044
15.620455068928642,151.10077779907306,0.46296343521072614,11.266328370966537,0.9841876197763382,0.285,256.0,0.009373060564158568
13.549850127507632,129.77107642238434,0.7615741015603302,15.084987715221388,1.0462871789791168,0.2494,284.0,0.0015669915573752618
16.400347797788484,52.048500617849186,0.5208201025986288,12.23040444693736,1.0485153275017225,0.2581,287.0,0.0016843731089365161
15.384228006488456,2250.5791892317843,0.6150242613207998,13.562106049500812,1.0976236774385677,0.2342,271.0,0.0015033730698152208
18.784203613221262,114.52605258496101,0.3372626837026217,9.343734915764616,1.032185046310489,0.2688,271.0,0.002072650879111296
13.451552155410859,2421.3886222064866,0.6677022358146475,14.075169903091693,1.0688914797921676,0.2517,276.0,0.0012604474477258293
16.01660370895241,2525.532268364893,0.3399092179346004,9.435799992059495,1.0884777325969552,0.2612,219.0,0.0016849862929054801
18.18841420435779,1828.968012410114,0.32934403720106004,9.320143632629879,1.0714842269245397,0.2499,242.0,0.0012209521740469116
14.017276966092872,3224.549933428973,0.6189029954550986,13.679344955502144,1.0648768246519138,0.2219,255.0,0.0018821060851357792
14.512809896229143,4395.07289472537,0.16571410759156996,6.02643261257302,1.0815892527262128,0.2495,295.0,0.0031066646619856853
14.142860028162055,1962.3573012933725,0.7274705310588808,14.723583539447242,1.0823088466393873,0.2516,317.0,0.0012704649780126266
18.82609914429597,1151.8344838648725,0.39576006042787304,10.317313473447136,1.0650802402797466,0.2702,222.0,0.0016424470712077422
14.908175750738444,1525.2366979856479,0.46339392881234354,11.45730682829109,1.0850199862734726,0.2523,281.0,0.001322183502433818
15.174901652963632,2694.906233417997,0.4667904892948964,11.574036228409472,1.0965564743429654,0.2409,281.0,0.0014060561774340659
12.069133829640263,1361.6210510513324,0.4131012721856513,10.822006224359779,1.0751044386393045,0.232,296.0,0.0015342699116912318
13.37674914269333,2951.8327346872557,0.5486512145240193,12.648621992778438,1.0616616409580995,0.2494,267.0,0.0014924817202548294
18.88335037187185,1203.568289025011,0.37104359139239845,9.901506444907914,1.0719891571585547,0.2721,292.0,0.0015776779756995225
15.10929657549044,2340.2747461387216,0.6171536535756452,13.48984356421943,1.0943052515778675,0.2517,233.0,0.001392985723458959
16.076062681906365,2111.9477291518815,0.5931084031688437,13.30158966328646,1.0835334353721715,0.2334,279.0,0.0012417495876655457
13.235066155179727,1579.2380252762377,0.3959673548930492,10.667334368540304,1.0765274820464583,0.2142,316.0,0.0017745074969695485
12.728613839221275,34.145221640704904,0.7125681682267792,14.638527880432418,1.051516248042347,0.2381,268.0,0.0021431549064671717
15.84725089748284,1597.9865161750063,0.4380609559036215,11.093174070914172,1.0761552024941052,0.2503,200.0,0.0014504924262509415
15.457676366772343,854.9350919956646,0.44580354237489733,11.207075064855704,1.0700877750625652,0.2507,264.0,0.0013417049394306706
11.824991852864601,638.4898788722771,0.7156327243253199,14.478742395774757,1.052055589723594,0.2749,249.0,0.0015626051102724523
13.67901148284396,1786.0151586215636,0.48884965491665533,11.928855797142347,1.081036155588622,0.2342,247.0,0.002422469003465995
15.390695144424278,2348.1022761967315,0.6274879629249827,13.649795496488627,1.0767080051541837,0.2449,280.0,0.0012627716219862884
13.542029719955808,1627.2007633703768,0.4199947994292902,10.779527810363605,1.0858090338808697,0.2566,241.0,0.0014918023625973592
16.165357920635415,1459.8257865966432,0.6662124725925165,14.11597444711638,1.09826102498842,0.2411,228.0,0.001334846469450537
15.669718598754004,1301.1879066608947,0.34697189572542636,9.663117780000556,1.0991845134085754,0.2442,259.0,0.0016874016986303108
15.91162259336571,798.5017978616854,0.49755363196385893,11.951619437965858,1.0516467441507626,0.251,282.0,0.0014521145699207285
17.803684003041894,2300.155865636206,0.3651192393334047,10.025744427594052,1.0844544042597029,0.2355,275.0,0.0017562688471882493
18.385662285571215,590.1885649913331,0.20991420091266152,7.0141021901119345,1.034521776022353,0.2481,279.0,0.00176713034163923
14.024346491453905,37.903369040841994,0.5176164142884374,12.231839064149503,1.0548154213684708,0.2502,305.0,0.001573503696325729
12.66142569489631,1306.5632660930069,0.449112443512897,11.35927493432223,1.0963128793437278,0.2336,244.0,0.001989665130109561
12.730990181990972,3132.5223126078677,0.9252533166824809,16.61876647970288,1.0872826456868134,0.2439,243.0,0.002065593623839629
17.48057879221872,1.93302126345543,0.2695738235707002,8.080635139671607,0.9912906592991105,0.2711,237.0,0.010302742461455868
15.709329746532415,698.7403205208162,0.6263725452489972,13.723391332751234,1.0569945820064133,0.2295,249.0,0.001572538185595509
13.95660224203295,2052.560945123079,0.6009417139874468,13.277269259593428,1.086588620196182,0.2548,245.0,0.0014810776205225126
17.90395078361835,44.391979319518214,0.4521602999615165,11.3750788629183,1.0186369806704552,0.2384,273.0,0.0034045886291872904
15.288099900250165,172.2524110972554,0.5290443818793911,12.331476945095403,1.0609576867021826,0.2598,247.0,0.0019097753486480543
13.058760030784985,1167.2443291177472,0.48284317762258855,11.761652852464353,1.0755924245269313,0.2481,303.0,0.001623511236221601
13.52865517503757,207.11622364004188,1.0404294969853776,17.402684381054858,1.063324349006085,0.2717,215.0,0.001519439316153861
13.816690885904055,2253.7075606593403,0.6356647424154308,13.785609794666778,1.0776414226204802,0.2377,252.0,0.0012243424713442106
16.172030105040886,1621.7180597571792,0.6194981690098234,13.44073742638543,1.0640295827273722,0.266,236.0,0.0012236898345445106
15.586080829467662,1153.2843740668627,0.3121497349342865,8.932654662042669,1.0561367093843306,0.2627,253.0,0.0012248961947552484
14.647883125542258,99.42007599992371,0.3853679053898692,10.198325220187073,1.03718160476046,0.2618,238.0,0.0018124553057053282
15.61266271982802,4710.281611960516,0.5282483882193679,12.381232408522898,1.0832174453350545,0.2491,258.0,0.0041108368691788475
13.2598094263254,168.9013052191674,0.5825969357188769,13.202724038847574,1.0506953906206316,0.2281,308.0,0.0017501424707489393
12.596246706633242,15.27341161593995,0.5912977395819995,13.140368123173163,1.0702457378169363,0.2582,233.0,0.0017976129570760355
14.70826137809495,564.3024773139243,0.3932845212256193,10.30017313463885,1.0643286017391953,0.2663,218.0,0.0015296635837182052
17.85806789909632,535.4795679896533,0.31935847227262876,9.427169465790547,1.079393429147466,0.2072,267.0,0.0014743981847909228
11.157971886774673,751.6252216510688,0.8302858603700475,15.781949991116118,1.0674068694063186,0.2432,291.0,0.0017633923704343272
14.955272679728537,1345.9895314654632,0.7953930953651307,15.470230514062234,1.0895418713866107,0.2395,228.0,0.0013251806346401157
12.732892382572652,4125.8121954423605,0.8257473783413531,15.823027282408034,1.0858591648104206,0.2273,227.0,0.003059319754880474
14.87424410344197,164.84779541517287,0.3586877446779719,9.981954451570251,1.0661261128994797,0.2256,254.0,0.002014689223236961
12.322673012196427,783.6034903003806,0.6264222908729786,13.626197703928089,1.065978711094665,0.2469,294.0,0.0015721335639839204
15.602279612282956,669.0059059267551,0.4964581436858838,12.11262531609436,1.0979444750761815,0.2215,322.0,0.0017929924251740208
15.405658288547393,1074.7832149454282,0.3797510090071126,10.264433777209973,1.0723558029808062,0.236,315.0,0.001370441788055482
11.761253474359375,2896.1818478477567,0.8897596253323752,16.279031801385617,1.0873559465883162,0.251,242.0,0.0018597927861279803
15.826145723238977,1635.8596222736646,0.3114903844723655,9.058001366302344,1.091454464149222,0.2409,267.0,0.0018852290271382252
18.583259548447668,341.02344076443785,0.41623102880955504,10.773555077387407,1.0896021585960616,0.2478,271.0,0.0017145830413005673
18.157932997847677,958.7195451069465,0.29908857855729143,8.820745081270374,1.0727546805217036,0.2425,304.0,0.0015512683788150407
14.085951922993821,305.6441213812898,0.9042681903370944,16.373955094626385,1.0372718996914339,0.2573,311.0,0.0023468804876895944
17.549691421460935,922.810556386115,0.45950638234015273,11.49819748072449,1.0832729512114874,0.2359,310.0,0.0019962344430497895
14.968071994549613,1670.2867728270107,0.672193807017827,14.155094537273635,1.079050812428016,0.2462,306.0,0.0018435740397140397
15.910971219377547,2026.8345151141953,0.430293582512163,10.90940363992516,1.0890885392148948,0.2615,256.0,0.0017231256021613373
13.832072080430404,162.36116594573252,0.5330775872440041,12.465595289117456,0.9995080575143054,0.2456,256.0,0.010784170155545792
13.414073362483546,665.0560797877629,0.5815819195882282,12.987538515120887,1.092435329099889,0.2641,264.0,0.0015959048939834617
14.411807162465788,1583.5436352742595,0.33594920158142266,9.628234189261851,1.079162979264439,0.2203,296.0,0.0014626054105153425
10.670931336209913,677.3167682069632,1.2401799766443635,18.83865098906461,1.0747491615763018,0.2566,267.0,0.002341510048664184
13.88126383930685,2390.062118881795,0.5022819864428725,11.950779305962087,1.0943963449610215,0.2627,286.0,0.0012907362298301658
14.000877955813463,1941.6402807073111,0.32593870256220925,9.26548583740995,1.0890356393339196,0.249,232.0,0.002104355494493722
15.469763627324124,929.3915871633626,0.697902710302335,14.27521553787179,1.0483450554164897,0.2774,196.0,0.0012755246654866266
14.67571747445519,1905.4336827088512,0.7912343156429216,15.289258564067026,1.0729456552361467,0.267,240.0,0.0017253191867524055
15.268737185666804,49.58443910406163,0.45600658238129116,11.356058830735245,1.0438969469169725,0.2511,273.0,0.0015502463162111063
16.068359068482586,1689.1111361172625,0.477656324053557,11.782023780315399,1.0962675958996073,0.2323,255.0,0.0017610525512306075
14.46256347825994,1696.0246850268263,0.5290471050824971,12.434503486080736,1.070858987109372,0.2417,306.0,0.0012771370522337685
14.569671220634827,793.0308611830766,0.39752692472349227,10.554602733332374,1.0791958299639832,0.2355,296.0,0.0015773480675141684
15.12548150344735,286.00310254771557,0.4690025676205936,11.662264332859921,1.0888657093439267,0.2316,238.0,0.001803480476136885
14.173511898366133,263.609675228298,0.5196355754645365,12.348814549155211,1.0406642482298196,0.2348,265.0,0.0021172848161674328
15.54185952058521,2334.59064020788,0.49193018655169535,11.930885346961944,1.0840873150802188,0.2411,250.0,0.0012188725659123467
13.624261482366219,2859.3120974860203,0.5041339479595681,12.033084950148446,1.0777973102739278,0.2527,293.0,0.0017779078776232824
18.06702784345714,483.65528426473224,0.22763291528749224,7.511826769595192,1.0783407074367881,0.2297,323.0,0.0018511275237597274
16.627653740926736,3401.9290089642805,0.4443415306526471,11.357708134745753,1.0817165102590829,0.2225,205.0,0.002535339587961488
13.247974245780568,1035.9623875815143,0.4269511142980164,10.873927916308354,1.0515112467327568,0.2588,294.0,0.0016039349108869876
16.62873295239953,2771.516288366951,0.5529131589117378,12.701684078048268,1.0886176404914423,0.2498,244.0,0.0021900195542394964
16.68741479478686,2099.023177328414,0.39819701757621817,10.44951085002647,1.0925560670824372,0.2544,244.0,0.0014041434368633348
15.661496165658084,15.914763407644841,0.676813346533689,14.274494165737206,1.0081344247568857,0.2338,258.0,0.003902282354036279
15.197846642866061,615.1230742581884,0.31155397208518903,9.134651366140771,1.08497707249513,0.2294,286.0,0.0015129049190204255
15.513152682770503,1525.9951520768168,0.5100247293332139,12.140500610111033,1.0557298422895889,0.2481,303.0,0.0012229743188089787
15.331533963483944,1008.0051138427793,0.7073756552966247,14.458479391073423,1.0614346857474124,0.2616,256.0,0.0014056710270231745
16.729272302809793,49.78704637683177,0.5227169843094644,12.318512870530885,1.071011934638071,0.2471,248.0,0.002261097732371226
19.538214574619587,7.609517327086451,0.3236297806974192,9.061767711942466,0.983812099406506,0.2756,216.0,0.01268988567603494
16.330600858488545,2616.81306209484,0.4422621942976807,11.270251276062467,1.0867723091255954,0.2315,271.0,0.0013138422288754938
12.76748565205039,3726.790388144098,0.684738452506137,14.421927752098728,1.0687055190721453,0.2231,227.0,0.0025647120943954336
14.50126598676475,1774.2909250839014,0.4633995994010813,11.404219215351734,1.0659090238936975,0.2615,278.0,0.0014861495639079826
13.815114609310484,4953.407874284699,0.6074465002202899,13.526205864173711,1.089138027813218,0.2247,264.0,0.004475920335729202
14.14290672922302,1551.7522520560808,0.7035551929254092,14.51951540592014,1.0462004915595764,0.2423,259.0,0.0019454616679238966
17.50237302347085,2210.413234595124,0.433350053144805,11.119392006978083,1.0836197766513052,0.2342,273.0,0.001711786353577237
16.534625624572605,151.64720109241443,0.3349193869579501,9.41947671264024,1.0695248360396425,0.2497,326.0,0.001561570507963304
15.385658767252337,558.5999715033236,0.564469588753304,12.810616880802415,1.0621714894001788,0.2569,278.0,0.0014651110429942666
11.266891133582648,859.7210401103162,0.74690761915444,14.9810959409554,1.0747244316086697,0.2409,328.0,0.0021852570118461134
15.319569460411174,784.3622983090008,0.4808207929672685,11.692308194132483,1.0712354531709198,0.2551,290.0,0.001647835287406689
15.028606754623272,224.39660564690575,0.4798426500316351,11.982798942993636,1.0558449117513442,0.2054,329.0,0.0019155294070918932
15.108904790539906,2017.7957699847516,0.486492635414625,11.866946030617145,1.082694409062903,0.239,266.0,0.0014926744646033463
13.73075994218712,2254.950785566817,0.663342513184875,14.034701010301845,1.0907205478055604,0.2501,260.0,0.0017177420675039761
15.194416332865488,2301.795801449115,0.377396396385882,10.181340910829071,1.0844520993192823,0.2431,237.0,0.0012233671079809212
16.201081272145586,882.5192834904703,0.37233835419220374,10.164843092034335,1.069452189056867,0.2325,291.0,0.002578148501056441
17.74303386132236,2461.9608154014927,0.4337503011862977,11.119898036122155,1.0871553890191976,0.2351,281.0,0.0012793167443843785
15.979059465991089,4815.087924744468,0.4898010808024685,11.942808524191705,1.0984787953280295,0.2341,283.0,0.0038073262493180404
11.054859843511462,1.4405278376676165,0.7755355387291876,15.219152493649826,1.0799304658621542,0.2504,228.0,0.0020668889863318576
14.738355695625494,1689.5965614380693,0.443995601802291,11.207368316771614,1.0521219718625223,0.2461,250.0,0.0012797131039039775
19.044634225161342,842.8343000154144,0.28696791291277457,8.674300557826864,1.0605674548312272,0.2305,307.0,0.0019944111308488354
17.40172644248298,66.27155429032769,0.26892834435496976,8.121024296647215,1.030815237774066,0.2626,253.0,0.0027123772712782635
12.07802661204628,3509.452640197651,0.5971851695583001,13.38155516351975,1.0854634834484933,0.2282,207.0,0.0027114299289174703
14.413473101801674,2368.918250115021,0.6595111939477454,13.93104579903192,1.0931687388274414,0.2614,277.0,0.001588378733322159
15.980017883667422,606.5572273018804,0.3802757022323648,10.226699675379361,1.0963940100555492,0.2434,293.0,0.0018043353219452402
15.510407684449618,1684.5210571504497,0.6167194809234667,13.445001595818763,1.0828305721262854,0.259,287.0,0.0014729007795202577
14.85705499509296,275.1199833759522,0.44314849452500127,11.11117474702151,1.0780676858602578,0.2603,249.0,0.002312579296772875
14.571268940633114,416.5689405177915,0.8019056742106419,15.65234687032805,1.095415518638944,0.2173,295.0,0.0016536130952325802
13.157823777140857,969.9176114613256,0.9875331963478587,17.09427908013249,1.0714197378497585,0.2505,248.0,0.00144220300617223
19.97611790032949,881.483126924347,0.3000943289657968,8.700424699442982,1.084014549348134,0.2645,253.0,0.0018082433294859877
13.626964314499656,1544.7657043682239,0.4870430052059204,11.871727167712018,1.093221897749275,0.2395,281.0,0.0014336805306895833
12.654202077753155,703.2985630343672,0.5645614816005389,12.7343447235087,1.0438257047876551,0.2711,279.0,0.0018421422510021303
14.97543739399418,1352.140326581737,0.410639786856157,10.679575823773469,1.0990033788295384,0.2489,250.0,0.001870737639399197
12.605541263611588,213.09786236679003,0.7477576379954263,14.846804305203559,1.049194496936803,0.2685,207.0,0.0018669912016834374
15.637990779992368,1311.6295370516928,0.8857761112729416,16.280701058368155,1.0937120705250853,0.2437,280.0,0.0014089314600712207
14.529429048706472,380.17676654407796,0.4825806990143419,11.876973152694168,1.0996506125365353,0.2282,243.0,0.0020389621257602885
16.49190337463135,1823.314855055377,0.3930597394738374,10.627001437250911,1.0817941058940073,0.2133,138.0,0.001345270975407926
15.515234212432851,913.9634195555316,0.5372995972410324,12.464210093083699,1.0635055289824242,0.2557,290.0,0.0013231629897847155
17.779042290522725,444.7158284468351,0.3435374277968504,9.594492237755961,1.0417653934831737,0.2457,241.0,0.0023449019796875927
19.83147100114674,3998.868057175255,0.28485866588374864,8.478966767421447,1.08102240103697,0.2543,274.0,0.003980596162923556
19.041498398960726,735.7966003322175,0.4464548169835442,11.138255877524523,1.0749015224260128,0.2642,269.0,0.001556192472563868
18.119285522126013,271.1112487402431,0.35161067722240447,9.59774514235431,1.0321426059174759,0.2679,249.0,0.002564678556790605
14.732344198779932,335.8925884863852,0.36279903226949944,9.988193102123946,1.0999169437873422,0.2353,274.0,0.0017409383052455797
14.804447392574641,563.7445956015213,0.431850091015139,11.153617468984294,1.0681739022050407,0.2251,267.0,0.0014467984833208551
15.36869182960357,813.3767058264232,0.6421352812412195,13.905210958623996,1.0629629236949534,0.2298,338.0,0.0015071582499779738
12.838970672649292,28.482192091805018,0.6979761061312102,14.393176758811327,0.9966977955117406,0.2547,324.0,0.005936849155336353
15.0264178071616,1385.2769650258933,0.4720313304442814,11.60062351819892,1.0699478865050964,0.2492,240.0,0.0012329191123361739
14.256271288806913,149.09450386695335,0.6443875603663636,13.790252304249766,1.0800715024722969,0.2553,265.0,0.0017789260579627547
16.387844185732394,170.9583836723093,0.43677387729250483,11.227975072066325,1.0543048175306877,0.2251,276.0,0.002395855992915011
17.86131082283304,1890.123803786672,0.22694475162932323,7.527163026090534,1.0550652298115097,0.2255,342.0,0.001220363994328237
19.428007495881403,598.4462408669845,0.24330141297748442,7.595595595579166,1.099311701919465,0.2653,209.0,0.0018376267931355201
16.8539952834104,1371.7842388896474,0.4001319528801383,10.594798729434661,1.0667327220955047,0.2357,283.0,0.0012659003458844811
15.03634490195708,707.0557793450259,0.4368104156859234,11.016731785056693,1.076259334297121,0.2601,224.0,0.0016717194887037184
13.404320754667998,315.1890205372083,0.8062010422501057,15.68832138217672,1.0641431446618599,0.2182,323.0,0.002304876838567561
19.59592894093111,1244.7420316171824,0.2644662530023012,8.149159988999035,1.0705659289569533,0.2447,240.0,0.002922550976604844
15.504658396854051,1405.3126898820742,0.5539151972882154,12.798951992424037,1.0495463891495647,0.2351,299.0,0.001651060025098958
15.580176614712542,2396.2322555574046,0.466181161110389,11.575401705755837,1.082277471930034,0.2392,318.0,0.0012128245893889128
17.279224093342684,1272.944216503257,0.39317140478516316,10.480561468045634,1.0934994296929776,0.2362,265.0,0.0019923024376805824
14.564333386157832,1496.3899678693474,0.8030359179380258,15.561140376710586,1.093804666362802,0.2362,235.0,0.0015087313133101874
14.784848941827331,1567.1943670298556,0.5500368948253336,12.730774929539452,1.0881009850524161,0.2382,245.0,0.0013123648785403259
14.321984465354682,1234.820137545079,0.5965805312820855,13.269859939427432,1.0776087670840304,0.2465,286.0,0.0013654015163074025
12.43266733063912,961.9691196331258,0.7123590083942476,14.658683202807394,1.088911322519103,0.234,254.0,0.0017582808828926636
13.261704603283281,1923.6179139290925,0.7841198786499047,15.376449210715428,1.0940532572103112,0.2365,287.0,0.0015047472697162238
13.862684012233434,2714.091734909309,0.4310215444026098,10.979243982521636,1.0928335449393805,0.2515,199.0,0.0020347703426764406
12.807422034586693,2399.3591796412165,0.740275571336566,14.881263844452313,1.088533910636997,0.2469,227.0,0.001382760017172379
13.357214145244916,2893.0739552280293,0.7800015729151883,15.152538158946639,1.0755786124130475,0.2723,225.0,0.0017877796770098332
11.803516806968892,448.2637607543418,0.6187877988927378,13.58990578390709,1.058077630311266,0.2372,299.0,0.0016536751565042315
12.477955088272981,1215.1441645110917,0.7912544813382338,15.41179484013707,1.065808429499338,0.243,342.0,0.00220583747869859
12.42232521987139,3181.411335514408,0.5249644335483292,12.290766267854615,1.0996354049523833,0.2573,268.0,0.0019703790444908086
11.518875793829787,1819.4284101291566,0.6723577952728251,14.196793858167483,1.0613363725429394,0.2389,260.0,0.0015123068301342935
14.923952160059926,889.0318193527763,0.6470076308380676,13.861059046917974,1.0808278658424182,0.2478,244.0,0.0014137840420271539
12.877678297505668,2281.5230136888968,0.5773016628023919,13.003042653097786,1.0807824138301012,0.2515,256.0,0.002000045519483013
12.137605609395075,3035.5963269319345,0.8309061974169044,15.8078757233157,1.0940181279375916,0.2393,235.0,0.0017730142065068438
16.293667402144713,899.542780035204,0.292186249607072,8.729929957593718,1.0628414145253156,0.2368,247.0,0.0021374441530161163
13.52624910083421,391.1162060267832,0.6429482460578837,13.77952505389529,1.05882013130723,0.2542,192.0,0.0020984486344852176
14.518472787864734,672.0863732739435,0.8776975778144901,16.15945786488779,1.0646840181465649,0.2537,309.0,0.002195696646815876
15.376631659941875,2968.3234914589702,0.5154408267189103,12.114947442863446,1.0612614601152661,0.2657,211.0,0.0017917528245047444
17.02121934941077,210.82021039468373,0.4306463668883764,10.94870182400912,1.0885531908564006,0.2557,246.0,0.001941726185056691
16.373786564795868,332.7242583009843,0.5473035107163636,12.604035404363946,1.0293138353925642,0.2542,307.0,0.0020388986994011433
13.936636068356231,73.75876897751368,0.5098834910738086,12.107024885597019,1.0367111009859828,0.2536,295.0,0.0018625753989239462
15.660239832537059,190.02636296436572,0.5890227907384138,13.170209624173085,1.0815667826182227,0.2477,256.0,0.001806202468445979
13.135624549186677,2103.511070123337,0.9798283860262861,17.06966042580022,1.0720156842334718,0.243,266.0,0.001323446435506473
17.753145390670387,2143.295963500636,0.2158209225825329,7.1717768748602495,1.0864301811972457,0.2433,192.0,0.0013579587529242154
14.124576421927788,1815.32894116596,0.6447755156778667,13.824453598722524,1.0911524220753925,0.2498,215.0,0.0021515264253474907
15.144804120014314,686.2336792272401,0.6009653751367597,13.313373632149139,1.0666186789740868,0.2483,246.0,0.0013848589084448602
15.328707162239372,152.89900797497376,0.5171406595616853,12.249545014087364,1.0467250454921249,0.246,262.0,0.001854384971852782
18.53365055152856,3584.908075560315,0.46164201628192225,11.505198975252267,1.0758478295940677,0.2399,279.0,0.002026574370982653
17.551263577588873,369.7551656201248,0.3168414504728759,9.195522967583926,1.0563370842622248,0.2346,269.0,0.0021636010116148695
16.19886414399675,2360.6306859702663,0.3683644343132378,10.077286831080306,1.0695224944951662,0.2359,297.0,0.0015024425600245962
13.622436515008935,1313.842950406602,0.6583637254183768,13.994065861958568,1.0976768494284537,0.2472,301.0,0.0019949560144725156
17.476538221745727,732.1786110223709,0.3592645831431391,9.85752928944302,1.0753931614682877,0.2466,325.0,0.0017861264981697538
13.800270883866027,2163.5657425267086,0.561797372756346,12.80986304542464,1.057416256597978,0.2509,259.0,0.0012054100131818144
15.840651929737032,2393.5974318033486,0.3835597021819121,10.278462866969548,1.073615404509052,0.2437,298.0,0.0014917853659270374
16.906434898180652,872.5521181990746,0.3552114269129113,9.919347699804883,1.0966376880970883,0.2262,271.0,0.0020880016473600236
18.512946500226374,1225.0187218659103,0.26176860781408845,8.01219307314959,1.0739147285683845,0.2577,238.0,0.0015785348389915055
17.67364371730583,10.782871851631853,0.39023125748858667,10.513788464428325,1.0681266576168458,0.2236,301.0,0.002174131625478166
14.582411491112149,2182.2367033196324,0.3864507583148358,10.445719991476029,1.077552096481572,0.2247,246.0,0.0015350063074806954
13.88069995305478,2178.873188942371,0.47171037591493997,11.795395635516433,1.0921796312110672,0.2165,325.0,0.0013494149131091544
15.465094968842248,2226.7395408026305,0.41203786389313524,10.828150860500642,1.067154506575875,0.2284,249.0,0.0011926083401470446
12.891417934938481,1016.2063984879583,0.9997762482156394,17.24092502626863,1.0630866435444994,0.2401,315.0,0.001674163387003176
13.709620711287606,1590.2123725461088,0.5643571750115124,12.794837818631786,1.0593487143935805,0.2595,237.0,0.0014326273890407969
14.25812594121376,963.4290590739452,0.4968301283108065,11.967037148028647,1.0896116223332113,0.2466,266.0,0.0014402565014580062
13.725269830432424,546.7473432879983,0.7873357356287992,15.301995908844937,1.0724004693611242,0.2569,227.0,0.0019427735411928196
14.385547885355614,89.5146893641413,0.29098027774844915,8.794883234483754,1.0451667035258407,0.2238,278.0,0.0015557823037786905
14.841872074566513,482.63955880249796,0.4555106630752369,11.317801894091518,1.048569708353692,0.2564,224.0,0.002195412275573325
14.386393013993242,1606.2971286384497,0.7480497863673619,15.061937344748602,1.0942785441941847,0.2281,270.0,0.0013670256197777825
16.591990908432017,1017.164334375495,0.6374288537464996,13.601168240182277,1.0627029162437251,0.2758,224.0,0.001322593049859412
15.964831089008259,1317.3602532008088,0.3740251093322714,10.19203660978532,1.0706281740740902,0.2326,226.0,0.001782443253271496
14.563996041274464,1391.3252521131758,0.3293190630412717,9.469390944103626,1.084174911084682,0.2267,262.0,0.001772584577088452
18.216329816983922,3448.2100152597914,0.2540268698438083,8.037418460877285,1.08457870289703,0.2308,317.0,0.0018758701457177065
14.828839806678404,2242.6525170568857,0.34778003653408196,9.625908641134243,1.0789223080169168,0.2524,311.0,0.0016257350602123138
17.03865084564509,290.1033772972889,0.2538433524952408,7.88846012935646,1.0325485105659924,0.2526,299.0,0.0025831487275347078
16.492528026459166,781.0128888393015,0.3120608451774708,9.008267391996647,1.0578432618751192,0.2503,280.0,0.0014116748662732779
17.85054517285554,319.58982440545697,0.3585911448487161,9.835597201217231,1.039173902395478,0.2483,250.0,0.0016013718403552549
13.353902993347845,162.84726245535808,0.5664481933395704,12.88775713057023,1.072897313238718,0.2476,261.0,0.002279522696249372
16.28935963943973,1975.8461552511635,0.46572316393137414,11.5223102926368,1.0830994654369497,0.247,300.0,0.0017243206760629247
13.850834362938976,1070.9128570012333,0.48256209379698545,11.770545102752838,1.0932146895253607,0.2459,278.0,0.001433348636601728
16.218596461699104,1868.1215643954074,0.24241627648762926,7.706755021387952,1.0642777754645438,0.2454,308.0,0.0014122649301494667
17.38814744051426,2211.685068212737,0.3527371118348195,9.911872157383126,1.098080436267175,0.221,280.0,0.0017439091524643591
13.44940053958844,232.95740010527106,0.5562771499554023,12.736700441199597,1.085449556536759,0.2513,278.0,0.0016652721743308184
16.11461784871309,2527.457064655832,0.3185479073357504,9.373343486492363,1.0956179390649219,0.2128,246.0,0.0014914539926552206
14.079126865153022,857.5927078338393,0.43394727949755935,11.105066009042792,1.0301292628324008,0.238,275.0,0.0027248362774223277
11.782095342431166,262.1216397889914,0.9880812261242804,17.044674591101135,1.0245986513509981,0.2618,254.0,0.00371670116186965
17.207552810991395,255.278463682552,0.3417898485262149,9.647354165401119,1.0566478311216456,0.2327,338.0,0.0018413894794158821
15.781832619549094,2832.1162027878586,0.469425288510836,11.691098509616983,1.0876730155097138,0.2279,218.0,0.001405959503409931
14.155650168192047,55.406027972473225,0.600946003957463,13.231737846921428,1.0821006084683853,0.2632,281.0,0.0017743514189494526
15.741546165566358,801.0414914942539,0.4682135117838387,11.58567676443302,1.0892640067225898,0.2424,325.0,0.001431517968744778
14.207987079228289,485.16546458397727,0.4881667210374709,11.809124313531028,1.0775632034466411,0.2529,289.0,0.0015221571038124225
15.367888175156668,1196.067570312236,0.6880723071111402,14.32842928469856,1.0918536691972354,0.2466,251.0,0.0013732338831710005
21.197872906899292,2504.267814162327,0.3620806666647701,10.02258162058419,1.0861287167113973,0.2281,264.0,0.002116757907138963
18.130413281091876,1678.8496853656225,0.43817086760577334,11.222593946857083,1.0925812968202304,0.2293,251.0,0.0013733653142807836
14.980202611368153,1439.7355873906556,0.7288745268268222,14.817105178308045,1.0699099449498095,0.2368,317.0,0.0019960065862108848
15.245885706895988,96.75353536790317,0.40233758644211304,10.61730030107271,1.0913580937962244,0.2377,242.0,0.0028233395546107265
15.139732301918274,1933.4102233676554,0.5589068027037141,12.841652698410982,1.0627608619823479,0.2388,270.0,0.0014758420600188996
13.383966887993529,798.8268297575119,0.8734979323146677,16.14461717408124,1.0917233159095792,0.2492,315.0,0.0016012768497560546
15.856504046669338,2258.9629239646056,0.40752847935098235,10.72227690054868,1.079652484703795,0.234,230.0,0.0014391965876042788
15.824287751590301,1813.032890010519,0.404037794584666,10.563462166634032,1.090359059511889,0.2509,208.0,0.00129599666622402
15.310510936286278,685.4186555946599,0.7033614234510558,14.573704996491786,1.0992999909970569,0.232,309.0,0.002271788468817414
13.980612731076135,2794.7349127625275,0.5627962651365447,12.788670069669319,1.0941560394734697,0.257,252.0,0.001602890504032562
13.084699499684096,3303.4984388066027,0.623298196646646,13.721332454940928,1.0910843837052013,0.2236,249.0,0.0028498957742610783
13.352209137742602,234.92404896377548,0.711193729542113,14.456210592336882,1.052865610931409,0.27,268.0,0.0022073006503993066
18.25962994335214,2047.5817982520248,0.38232254990376935,10.307676788381526,1.0993802238458599,0.2358,291.0,0.0014583556761298138
16.06740497992645,238.06198288948463,0.4243556910202056,10.88487113997031,1.0471212728223431,0.2502,255.0,0.0017095707063596018
17.397926768078925,185.7997943119767,0.5154564691177249,12.061840738093007,1.059345896509339,0.2754,199.0,0.0016423246080875067
13.637074671425257,2049.2790567940374,0.8172173759761413,15.565032431822608,1.0588694148114846,0.2618,243.0,0.0015275217391350015
15.171529440879938,34.30486797721164,0.39055120894957934,10.197956125694997,0.9995382767494382,0.2763,276.0,0.00481856081261288
13.922385023704262,3186.8655483761877,0.5579698245045556,12.949263163187412,1.0605896139751883,0.2186,216.0,0.002174628543538561
14.196339484308515,192.7947477820917,0.5698974159409425,13.19142645276886,1.0678880869406984,0.2039,276.0,0.0020221074490655634
11.891398799719571,650.8017965692704,1.0883781755232573,17.911590596846064,1.0763888780348145,0.2381,311.0,0.002516900430575272
14.803959962850247,57.39627132730084,0.5001804951928082,12.031092003536347,1.0162967165567156,0.2436,316.0,0.0040641966254081905
18.97159802323567,1701.3201137014007,0.37429460075954357,10.0797103334508,1.0864023051669514,0.2513,263.0,0.0013513144133576601
18.031707094789773,2496.2310276375465,0.48218745241535643,11.888651208754684,1.0902606747283945,0.2254,297.0,0.0017704275722750383
14.376417041580282,22.831319770205255,0.5397940269061317,12.514003564558704,0.9980279701481023,0.2527,282.0,0.005930087357905112
15.221849885532738,4323.421423896534,0.5199616446683984,12.341382604150644,1.0708885792858576,0.2368,240.0,0.0033102942503853176
13.412411723665533,2622.168076928868,0.5603395519324865,12.989250684564682,1.0679994183308366,0.217,272.0,0.0015318862417278809
13.57116339005928,1803.655418925915,0.5643386201618227,12.88071779965808,1.0556934487267347,0.2441,227.0,0.001422632764027938
15.920613714921668,1390.9139103061193,0.43499139681202664,11.128837013379684,1.0775227624077253,0.2367,297.0,0.0017316021159973869
14.438203310784417,1978.4430511071532,0.505247765995196,11.957277709965,1.086579388435715,0.2689,230.0,0.0013685360377671196
16.634578525746683,1323.4335206533083,0.32717558491649223,9.184416383515796,1.0501063140609252,0.2657,243.0,0.0013353872595847094
13.163180048830505,1070.9598101721408,0.467694805291698,11.60694442434531,1.0915251090966231,0.2376,217.0,0.0030869617722417532
14.760995408166405,435.7492902905317,0.4537401599778119,11.14003327438013,1.0588309742053525,0.2832,208.0,0.0015823880503928302
17.49856582925515,278.0471715209633,0.4166532876351472,10.792206561721555,1.0655169844107246,0.2458,209.0,0.00256824459504537
16.733524767288014,826.8932398961672,0.35957247625878686,9.944234920193816,1.085935782357479,0.2337,251.0,0.001463180665176593
16.660788069810035,258.0721271645124,0.44580589321276554,11.160279742378787,1.071527465396275,0.2587,214.0,0.001496619160499454
16.786600881149372,2338.4449999117696,0.3260534051921255,9.179642480411662,1.086115887567199,0.2632,292.0,0.0016797339335733214
17.573514403991148,957.2431130859052,0.48266446126784485,11.727765976506133,1.0638723186884917,0.2535,303.0,0.0019505875674698933
14.96427723567077,99.095965488189,0.5029698936808277,12.086095971563845,0.9951215686965772,0.2408,280.0,0.007775193133659619
14.97124838244474,354.43446563552516,0.4002709862369653,10.53825044746142,1.0196313470400533,0.2452,228.0,0.004136246339696344
19.73922283761214,257.76113778905165,0.40637448600945647,10.678571710428745,1.061574857721323,0.2381,314.0,0.0016702244080226845
14.39688348950104,1748.4214837646866,0.5707547852799659,12.795656504732964,1.0698653288171085,0.2744,172.0,0.002074637641264973
14.562991405648521,1315.8296011041166,0.5311092196005891,12.293478208438549,1.0584676712388117,0.2717,250.0,0.001246933572934072
16.618576743140224,734.422491451548,0.3473264610248606,9.714934901390944,1.0327179895276943,0.237,279.0,0.003491881245202153
15.904737368619905,1859.9696167589625,0.3355863472016529,9.55337830584122,1.0879741154053688,0.2306,277.0,0.0012641387063508111
13.415902429434924,4109.434076235608,0.6166042546551648,13.738407650702214,1.0888900286392058,0.2075,341.0,0.003553877633707092
15.337299967218652,4795.392208413341,0.43275856029540954,11.019377439040083,1.0914688859915578,0.2492,232.0,0.00425171893920343
14.044514861902933,580.7568891405217,0.8003779923258536,15.397491655913136,1.0533228407886746,0.2631,259.0,0.001890833430894887
17.10879197348114,804.4710230154556,0.32966042640865956,9.707850750352216,1.0694916745510659,0.1935,280.0,0.001935559650945481
11.847519917440735,1265.8656575954142,0.47847181813848344,11.770645737025408,1.0934685526612364,0.2361,287.0,0.0016875843102505015
15.995426997683055,187.78538226975115,0.45791946727325433,11.163084910322471,1.0295777833376054,0.2903,241.0,0.0022475661927389722
16.089795584579086,634.8403841435329,0.5416409606971136,12.7067018554268,1.060551811777218,0.2238,311.0,0.0013935869790348658
11.840038315816983,1301.729237273787,0.8617110519906953,15.982394984615503,1.059116867271013,0.2606,264.0,0.0019740384984377976
15.1798841264234,2109.4974555644735,0.43349052555283174,11.047244381887593,1.0977578345084746,0.2464,228.0,0.0013196586253941866
12.973084445807986,1098.084079550716,0.41006226024141995,10.677156294702908,1.0955176109574132,0.2478,252.0,0.0017739854168148923
12.415318655963329,170.87636048114427,0.806977302152807,15.551851463931246,1.096085040029005,0.2452,260.0,0.010033409842710795
11.641710056930862,789.0460780505996,0.8185243778465029,15.77315918660289,1.0765108823374099,0.224,305.0,0.0021162817665205135
13.327931203552616,1682.8310951133249,0.4642430883921507,11.507296110569158,1.0843206982138114,0.2459,246.0,0.0015519349536167026
13.87041408805615,1002.7668328025925,0.6653893942648612,14.093033042669964,1.0787493458473951,0.2436,245.0,0.001980989649493258
13.211269846261775,138.55315437092258,0.8149592936664821,15.602131482513443,1.0303931288428003,0.2502,275.0,0.0031619014836537966
12.044491210619775,3247.4630554848477,0.8584853846105156,15.936522212106741,1.0802155708024994,0.264,210.0,0.0019149261781310847
16.308836609728786,1457.8236584960441,0.2966911561840243,8.94218785591666,1.0789056140504725,0.2178,242.0,0.0014226867246943207
14.676769683344308,2769.88105780735,0.5325922508052887,12.388315894697426,1.0849701894431383,0.2581,286.0,0.0018242320324756611
13.264044397226375,906.6397588939815,0.5449262669098387,12.60002230674935,1.031225536764504,0.2494,236.0,0.002756480142472925
16.880507691398545,594.5809232227812,0.4746422339260855,11.51696730407066,1.080066721292669,0.2704,236.0,0.0020120710209651648
13.248461629617129,1522.2289583155214,0.66195424225063,14.031460595312366,1.0878060429728509,0.2478,304.0,0.0014296484504998472
14.735730446317092,3741.523045067677,0.4173688951597743,10.817895132377036,1.089985788243887,0.2434,290.0,0.0037544463261007304
14.46429234233372,2553.237779878681,0.6426861625648522,13.829303371457605,1.0694003362471862,0.2445,262.0,0.00133186182380112
17.373809847078103,394.3215505120729,0.4765638476762283,11.664547482829859,1.0913748901369165,0.2494,247.0,0.0016844136697985715
14.57571915026958,2919.673244126404,0.5006004053892119,12.034567838724634,1.0826755493807725,0.244,295.0,0.0018524351211988413
16.711540433923137,181.37217529152304,0.4289844511777965,10.90803417368437,1.0469849728415275,0.2583,235.0,0.0016503352132716702
14.716187329867097,3080.0371216641015,0.6556124836167975,14.019490600865035,1.0824430420674416,0.2369,320.0,0.002124964328226693
16.1478504861719,2833.806116945858,0.45755573716256215,11.496567610534576,1.097571613381287,0.2315,302.0,0.0014838030847824436
9.970899902746197,1488.3732126526736,1.167576234935345,18.483442916711585,1.0607593425466968,0.2324,254.0,0.0025898188922025773
15.150919537615536,2053.3847711858634,0.2853829353694009,8.641804605734128,1.0881201259941835,0.2309,351.0,0.001267667161427775
16.12328927960997,731.4061601424228,0.5784163948498393,13.081230987540254,1.0646545127002731,0.2401,268.0,0.001370413845103497
17.058974141475645,669.1697144034661,0.4883060674308267,11.97976510751785,1.085437739963867,0.2246,236.0,0.0014999002880627988
15.422791372739997,3381.4224580213645,0.38769647776460525,10.34564904441784,1.0919567514463364,0.2437,223.0,0.0034268663216737386
12.199723182607062,3305.3835531112054,0.6062514126769518,13.417147023166205,1.0846134126439217,0.2412,229.0,0.0020003584687592014
16.138105796304245,542.2132400552964,0.5049343450114288,12.085091643330083,1.0579575351428865,0.2456,267.0,0.004309929696445178
18.851690074725624,1965.043960696125,0.4091577036837045,10.684820830939989,1.0896522079421505,0.2442,294.0,0.0013423984723507074
13.655180105496893,3399.787009265303,0.7057789164851362,14.53959800475586,1.0974707819872698,0.243,301.0,0.001918962089789855
13.519354873592071,125.3636075350471,0.9466910973645608,16.721592505688562,1.029414926160118,0.2594,261.0,0.0021645088134931954
16.654313947669248,2212.281667595018,0.41143953799641486,10.688499371542951,1.094127546734917,0.2495,259.0,0.0025954511305549704
18.95027918532135,1711.073949147999,0.4086281258643243,10.701031059312779,1.0723079166322604,0.2402,221.0,0.0013940093447578326
12.607932377263873,404.87847737659285,0.5528119312214251,12.784134428410848,1.055009200273855,0.2352,266.0,0.0016586384414758756
12.447697819714328,1146.0850253948915,0.7806879052197412,15.33538074216575,1.090142136877531,0.2379,238.0,0.001509766261800127
15.162801516650108,2283.47088644741,0.43468912259905207,11.155775531748949,1.0849362128529556,0.2316,246.0,0.001317368500129604
16.396955007724934,3910.9775640967105,0.4753980822271865,11.749186916393706,1.088290824761769,0.2324,231.0,0.003012303402081278
15.202034983066236,1304.1793252266134,0.5150423724275268,12.263652815650612,1.089844799080478,0.2387,258.0,0.0013867535468425095
16.514328538406723,380.8745846119077,0.3517738380246359,9.737838000068466,1.059562036791472,0.2454,221.0,0.00231348909791838
16.310606640711676,59.92203436058912,0.4562857539963643,11.417764644581997,1.0459933486239807,0.2414,281.0,0.001673175839430457
13.53741737800036,1040.7897434677689,0.5702430828797572,12.968188120481903,1.0974573330762345,0.2419,272.0,0.0020891276662091457
15.821988278613166,4741.732782844376,0.8348434574609015,15.990501973134783,1.095842740771597,0.212,263.0,0.0037469140826023773
14.258385186539243,556.9842609629495,0.37435017041063123,10.145524495634142,1.05797970745642,0.2408,305.0,0.0014854370487139112
12.674024219975255,1530.0100696066725,0.725232261471966,14.81899668507185,1.0727827788723072,0.2295,296.0,0.0013943623685735945
11.98794222502035,2032.9783783772714,1.1693778375281052,18.42253568923566,1.0888944896476758,0.248,209.0,0.0015394675260069954
18.75389347285887,85.14744049025967,0.22731572691683807,7.3985242838956395,1.0219841898906892,0.2453,259.0,0.003373758133660907
17.967237344215395,1819.553160548339,0.36048012896811077,9.886753112951228,1.0958491745594894,0.2452,279.0,0.001866061052274152
12.627139239150024,2087.379150871893,0.4091843432583331,10.878239097410958,1.0825846319999517,0.2138,214.0,0.0012659810407737381
15.252906960854311,984.6119856475257,0.530280242085469,12.503728062512918,1.0441389486786175,0.2327,257.0,0.0051283850427071564
14.53515092543901,763.8015231906459,0.647655059710329,13.85708175411887,1.0637424575667374,0.2499,287.0,0.0017792048392225946
17.581370241834104,4944.9332665745,0.3952172863767103,10.655397405744818,1.0987904396553787,0.2142,268.0,0.004723279895638706
16.40479112153961,112.94172456693855,0.3223388853731421,9.280758375938069,1.0206341252467446,0.2366,369.0,0.0032282596812429824
16.496955417991476,1174.135395970086,0.34571277717156185,9.705243895577794,1.072999898043038,0.2342,307.0,0.0013201188653085096
13.774431956304527,167.48802603755894,0.5933741185784592,13.149666206017395,1.065604340969309,0.2612,304.0,0.0017439494783713842
13.420374897795178,652.4976781480136,0.4520263483817183,11.261043551851568,1.060964265682882,0.2573,256.0,0.0018332041133782627
16.8578160936786,1594.901264922425,0.5656318062375738,12.902873714169626,1.0885357077887239,0.2431,232.0,0.0016895096893979995
16.421458941433855,152.70118323288693,0.3754623343303825,10.105108567010102,1.0027496881372513,0.2503,335.0,0.004720069978394572
17.665781309750145,689.7383283449776,0.4983989242439454,12.07049384724714,1.088340814639063,0.2328,207.0,0.001813608439832645
15.361906730026337,124.73692230834718,0.49784954965769085,11.845616863381704,1.0258809816731589,0.2705,236.0,0.0030484297544075703
13.91098040979885,3509.335634768551,0.5577279278240296,12.753143874248769,1.0863439746059953,0.2517,255.0,0.0020388142772166835
14.183258743084695,3635.281476209987,0.4273507677946162,11.119138109337033,1.0914834872227897,0.2198,278.0,0.0022484873567716014
16.814323869062356,2220.8602106307562,0.5624468859173632,12.85260095970686,1.0853016511033484,0.2448,280.0,0.0015944140286155931
15.160010289250803,2489.8136960505335,0.6879180522144082,14.488740889774585,1.0855089667837612,0.2175,303.0,0.0014662364470140847
15.074005208843225,2279.749810405718,0.596463889672597,13.284107013558147,1.098528098771659,0.2437,315.0,0.0013475727289536596
14.977862839178874,5.5516801121618755,0.4073735433834155,10.436907016667226,1.0188453447173238,0.2817,211.0,0.003285346199059769
14.957516122096523,149.18092422174323,0.4103180720996941,10.645142829452347,1.0979387400834482,0.2538,238.0,0.002270319308082965
17.351517392500586,168.2934631788321,0.18310335088074578,6.5256022732083085,1.078544667997022,0.2343,244.0,0.0019283063420226444
13.314870596826976,450.5896289130628,0.5589265076206624,12.65709822522747,1.0532672080714962,0.272,258.0,0.0016436041903788324
11.295635472100832,1347.2348844719359,1.1650427803355803,18.517054835204576,1.092354058789231,0.2219,278.0,0.001738261152599558
12.608450244900318,1969.9164852402664,0.8733282720236881,16.101838319967555,1.0732762695411278,0.2575,227.0,0.0013014444742943513
14.931297550388276,231.87978805916418,0.46355113808617693,11.486586224518282,1.0806003487521711,0.2477,289.0,0.001732117562888305
15.317347774535378,2438.3514993543895,0.62185004541485,13.483677882747726,1.0855450298892868,0.2632,266.0,0.0013433420714557746
14.554210936768094,1752.817184242383,0.7153326174725895,14.729974632777884,1.0859646447271187,0.2268,327.0,0.001243592590512682
15.251945804264007,1861.8095607860614,0.6077523701258479,13.30859102525904,1.0768018208224908,0.2643,227.0,0.0020915174548718635
12.16920813412173,1447.957284649062,0.67942507601089,14.342026346828282,1.0744403944958485,0.2269,287.0,0.0015364572852766623
17.690944134859986,326.5973595445803,0.3746615521404446,10.217267691414923,1.065419425432141,0.2303,287.0,0.0018545061877884574
13.598661804239384,3662.0154292214056,0.674350525057427,14.073033241526534,1.0948534508593317,0.2662,256.0,0.002491831039127513
15.431096971240724,1529.6279275098088,0.47916006961149515,11.648530320280573,1.0722740393992838,0.2586,228.0,0.001725990139529854
16.931941298370454,2377.7805810241925,0.39803647469776005,10.499589380530596,1.0978241070620542,0.2457,231.0,0.002000332333833624
16.79503851844898,2693.7711251898836,0.4885187716562157,11.794564607257305,1.0846264867649202,0.2563,287.0,0.0013188368504430275
17.482697924332015,803.0212491474199,0.38854371446618896,10.348890597924905,1.0721794130259146,0.2454,316.0,0.0014086255030372954
11.564250041773196,237.27060386861012,0.6487143504026542,13.888313485905092,1.0912974759974794,0.2464,250.0,0.0019749235793342663
14.69820106016033,261.77314930325826,0.3211252667894027,9.228093314974963,1.048785901659214,0.2414,271.0,0.0014528847998864117
14.315762308086061,552.6065402278335,0.4099879567822941,10.806960716190893,1.0955297768664218,0.2267,276.0,0.0016155714399272254
15.445614088488252,1123.1191640566217,0.47218959212062134,11.730204177943202,1.0727498354438663,0.228,317.0,0.0013386118599272184
14.963336152061416,626.7199177970379,0.47264846181046277,11.604831805560687,1.0821865173405663,0.25,282.0,0.0022379104725604006
13.4961227252436,519.6936546189736,0.5030674142930223,11.88799691026703,1.0379685998692287,0.276,262.0,0.0017325878986709485
17.309632784354246,269.4313593318484,0.5608475818105338,12.711038781371089,1.0273830160319952,0.2666,282.0,0.0022166566294379102
12.870080823803047,1152.503950336913,0.48636586900517353,11.722096856864798,1.0521385251726683,0.2637,243.0,0.0014319114349608051
15.37057680404602,3147.732210140887,0.35631194485191925,9.773527204574338,1.0739503705171418,0.2521,332.0,0.0018097444041118972
14.559324036205377,1683.1638883787189,0.4277382325099132,10.90951341665821,1.0595767287140896,0.2548,258.0,0.001471112879377916
14.648595124594339,867.0553504997683,0.5108720380954522,12.118284024819214,1.0891026412840283,0.254,239.0,0.002031188733204699
14.051974500846732,1445.6643622692686,0.6830093323482599,14.310856489971036,1.0828048780118005,0.2396,227.0,0.0013911284072763697
14.909681644710242,1776.1120288145084,0.41144934050341503,10.875491738688181,1.0777139065778243,0.2196,319.0,0.0012545146192954545
13.655182358945266,839.2528864012144,0.6598199583090664,13.852858555947313,1.0337162840598333,0.2771,238.0,0.002471661826856613
15.040268740630058,3548.3534460221563,0.46025407087746184,11.637134417935721,1.081620111216274,0.2154,262.0,0.00239740942854589
14.666668308782814,691.300555949603,0.6324144613436472,13.725356696277958,1.0708592110965724,0.2417,305.0,0.0015158432957351703
13.988504503782536,1089.5823494400017,0.7270053949508405,14.688970500519359,1.0642811197644755,0.2573,283.0,0.0013926512468133113
15.34102686188648,712.7752446017485,0.7655408305637464,15.201350280938986,1.0484061947272456,0.2349,257.0,0.001332002813996778
16.156635645702,262.4647880952266,0.3900321493478623,10.462979410308746,1.0821915461748093,0.231,283.0,0.0015953090170967544
17.149955931299516,2074.035606839911,0.38201776825573586,10.313468640040332,1.093883662074429,0.2341,289.0,0.002036708350928072
15.852613579875648,3169.857148754988,0.38849770347478685,10.406589005659233,1.0979532100022416,0.236,282.0,0.0017026021302536298
17.478472887028985,754.4009208546131,0.44545052577820726,11.34208854120944,1.0896859277159443,0.2276,266.0,0.001954874002604252
15.09463237117302,1041.7638351061537,0.4095082723730158,10.540880264507429,1.0852052975520206,0.2694,230.0,0.002287467285025054
13.88695632198841,2134.538974557343,0.6099941636145056,13.348033866621643,1.0790826237316162,0.262,259.0,0.0017948893436005363
14.408926450024033,649.9455388898554,0.43233885661548216,10.83182667251264,1.0567815882106768,0.2806,268.0,0.003777727883319344
17.206923150444922,3159.9610981201954,0.4778655628561406,11.701912502088659,1.0814318471389004,0.2462,283.0,0.001695495134368803
14.895910887233365,1868.9892656954944,0.48673301675278274,12.000110729890862,1.0742416970794206,0.2178,279.0,0.0013738579978280448
17.778875849730404,785.8306723858195,0.2305995240374866,7.5659252569618705,1.0746068447845543,0.2307,274.0,0.0015702271235653322
12.89142935822801,2479.469280868746,0.7716980005481515,15.226507813470914,1.0713432185190523,0.2417,282.0,0.0013069456523306174
14.550668826298176,105.46177047623996,0.4730223064230692,11.70969601909905,1.081915021822146,0.2333,273.0,0.001661598343092418
12.137972698249111,327.83571432246845,0.3369471813536831,9.626756966649483,1.04871230226001,0.2231,282.0,0.0016436699693217556
18.73720074009817,1375.7085025124122,0.2881514070560843,8.406809256218935,1.0853566731183923,0.276,195.0,0.001717173854746707
16.901103804500785,595.6399746685863,0.3898672916762466,10.477585687963927,1.0846678665063143,0.2283,371.0,0.0014806332187852023
16.169969129631596,1646.7746338641737,0.40838998028814455,10.587496109728328,1.0601173934117636,0.2584,320.0,0.0013914025211617831
15.398736076515425,886.6913180751349,0.3547448588600256,9.800976378084401,1.0846600022651738,0.2434,242.0,0.0014892417353844691
14.805534125111159,471.50734967500375,0.5651752965521677,12.760546472845567,1.0836757695784829,0.2677,211.0,0.0017049774596892592
13.548598723260103,2396.8308776666554,0.47794123812773753,11.679002880094554,1.0796192152380644,0.2503,269.0,0.001763341026102017
13.073167105246482,753.9731733268873,0.5076433663536056,12.354728288420377,1.0772209600279758,0.2075,313.0,0.001649480349422372
15.344351709104307,121.70577652808151,0.42496647652034353,10.82588811771832,1.050672425703279,0.2618,234.0,0.0016734353733519995
13.356602667941386,3035.759342950226,1.0281845967907721,17.421556055988066,1.0713385048809287,0.2479,249.0,0.00205699721385501
16.50812105354584,122.13904669904105,0.4318509132553787,10.965315509348336,1.059459696492708,0.256,239.0,0.0022804007634254944
16.385741260857294,47.4510710681277,0.44194276205583055,11.273545809409478,1.0745918654884559,0.2302,314.0,0.001657932942925865
15.727857295151981,120.01403185351,0.44331195213140884,11.046113370406701,1.015072105380328,0.2721,267.0,0.0035702597404175525
18.09766929777439,499.58861321087625,0.3027160209150502,8.97246614645396,1.0564867869993153,0.2296,294.0,0.0017962817437846468
15.102100065876797,4562.580464401533,0.6647801541272627,14.260904074418915,1.0940872619223556,0.2128,303.0,0.004068549010789386
17.25214835351447,487.5425934548231,0.36373523851826056,9.829324072998444,1.0800571187049945,0.2636,176.0,0.0014864610259111087
13.774438800025058,2402.92727982015,1.033405471870476,17.65335539198916,1.088975942700249,0.2093,300.0,0.001548435729358578
17.643872306554474,4.977222537442913,0.30725656800255446,8.81581689703514,1.077687822674117,0.2672,319.0,0.001879019987038626
14.070152170051362,2746.37873787602,0.4812472136598984,11.932967399936013,1.0896372927805182,0.2162,299.0,0.0014135189657269339
19.363427204144354,19.017290550586495,0.5187845380753039,12.243088849583575,1.0243862731012459,0.251,265.0,0.0027939137864256567
15.554631435818653,231.57407859596708,0.4339803492947034,11.132028497236742,1.0333703237707974,0.2337,301.0,0.002476956638556917
14.743311752861999,3513.157240197767,0.40431491661566754,10.518341525974945,1.0946875280461517,0.2592,206.0,0.002025800456854771
14.709199022219654,1599.416944469887,0.41563834472932876,10.88795031515629,1.0911314245848567,0.2278,331.0,0.001398635349769494
15.359841264884789,463.63669617907476,0.3685332877967434,9.968793164248043,1.0612649338951528,0.2538,280.0,0.0014789850390306263
13.266676396400513,2625.545703344117,0.4705380259842917,11.618645357878458,1.0949521337247892,0.2425,282.0,0.001674056006406057
13.2971406463639,301.0813511065951,0.5435597162979208,12.729333438721893,1.091755650696432,0.2242,314.0,0.0017420760223919342
14.30983625482422,4368.536044972618,0.664586636553761,14.0883795609428,1.0955896546942039,0.2428,247.0,0.0030253271601561526
15.462206582315867,690.6160979023796,0.5299326926258353,12.50981199828608,1.0575888070349444,0.2309,303.0,0.001492569784630955
17.25894294111941,143.6544123703968,0.4442175147130798,10.995402799299317,1.0249086443402553,0.2836,229.0,0.0024791407803929173
14.032665508376493,1817.0837667886162,0.661808459308044,14.074669723431937,1.0568998162946264,0.2396,309.0,0.001294539211318592
13.753917086928352,1270.9002465051904,0.5074896984448289,12.226481347177353,1.0957728633111308,0.2277,291.0,0.0014528697286103744
12.8886039695284,450.1809742405976,0.9884397550125928,17.07696748046076,1.067699165047143,0.2556,276.0,0.001637514900100854
13.568420627247477,351.9469340667715,0.529148779269206,12.511343942392044,1.0866329525334664,0.2289,303.0,0.001818652061736903
17.055800013545937,1910.3356904821064,0.30071473179963815,8.767852270808138,1.0941807057691397,0.2555,266.0,0.0014014335686719352
14.859439599317177,1435.965889035861,0.6152196174379868,13.58503937513763,1.046962823717373,0.2306,291.0,0.0013829506643005956
13.250211087339842,1478.3925870471467,0.5120040285170289,12.232963022789354,1.073350392472223,0.2369,238.0,0.0015851016807455357
17.577826407436664,2803.4743836338484,0.34185485281081524,9.549704897290752,1.0863019901475182,0.2482,261.0,0.0018284872216017386
13.984745222003474,3134.2880467757304,0.33021541171368896,9.431878189464864,1.0691855559276322,0.2348,281.0,0.001678213060979105
17.790632434167545,2132.863467047572,0.3888458326382326,10.35808227580914,1.0876360942409777,0.2447,273.0,0.0014211315508651766
15.212258035798875,332.64427945774196,0.4632057874061023,11.44873152021273,1.0794906342387736,0.2533,235.0,0.001507491809155099
16.89305021363853,1740.90266768744,0.2811358002629223,8.51873889969289,1.0744713555646264,0.2373,251.0,0.001455529518971922
14.648017352226958,199.57626668759679,0.462598462698308,11.47860462022226,1.0428309343431827,0.2467,261.0,0.0016399800780810697
16.960360379430245,289.163981363124,0.5206338331960512,12.479575545140893,1.0722365652202686,0.2155,321.0,0.00191283913613247
14.825433896742766,1923.8637925285334,0.6581545376101348,14.201983016471486,1.0907446479215395,0.2102,227.0,0.00160445175703705
17.026329168692747,356.366424239935,0.45008899332760055,11.199365605392364,1.0397915467989092,0.263,264.0,0.0017010102666176752
16.96404818282447,442.76162207169716,0.5325153008937147,12.519203721621325,1.0629463658488638,0.2351,307.0,0.0016027376111194546
15.180175817519391,822.0136138438861,0.21945415368138646,7.340530272740269,1.096888195964061,0.2299,333.0,0.001678328740864608
15.036344807408398,940.1382860866474,0.5870007330400309,13.175543647655164,1.0312185420984656,0.2423,253.0,0.0028362240096633023
13.620217027355046,4209.504604662605,0.49011286577258784,11.930982335856788,1.0812603761625494,0.2368,296.0,0.00326992887236872
15.668666280744674,563.8814555966092,0.3644531246179821,9.847973020168833,1.0330517547464253,0.2625,217.0,0.0021856359755247573
18.40902227975816,77.36459408712335,0.28343682030999795,8.414785399241714,1.0389729888053305,0.2602,267.0,0.002335505352897335
12.44790006015972,78.62043873183848,0.6669450986952413,14.060232707376317,1.053405946492411,0.2529,268.0,0.002188266903398424
15.164236990312912,2684.8747478115947,0.4335969984493104,11.011933690587002,1.0915814202254144,0.2526,234.0,0.0015454791228598625
17.618297498416624,861.082245655107,0.4289790050404174,10.917920332138811,1.0912992248472353,0.2566,218.0,0.001471648163382339
14.630763176292099,3616.106957859937,0.43202205328193516,11.14799914379069,1.0979157509539141,0.2264,299.0,0.002033451137516131
13.300395093406916,990.3842637059871,0.7342186809720319,14.895416742680059,1.0865517227504822,0.2326,262.0,0.0015383044616062906
15.207714567959776,384.32495989354106,0.5786895364272886,13.159988732375663,1.0624401918545305,0.2271,276.0,0.0014771419724226797
12.392976073685428,1394.6543279950608,0.7502395259010919,14.941122575325435,1.052886548975961,0.255,226.0,0.001533173136122308
14.514696289223695,122.93510385463378,0.5418797675844804,12.486246630216502,1.0585374145330153,0.2626,254.0,0.0015343718312397128
14.906646927781422,2278.628938642867,0.49828358389560257,12.136041264708476,1.0958712891753464,0.2218,327.0,0.0017066444656572703
15.279581438474906,2465.1726859772807,0.5371091448869616,12.433235882577987,1.0847513584102813,0.2608,250.0,0.0012065193265316171
14.701423847084136,3084.3532226765997,0.6576122633341193,14.034405533203785,1.0864610197000404,0.2383,233.0,0.0016254336522155957
16.12027711807834,434.0959425799658,0.35643187988550445,9.772491008975786,1.0794371094092587,0.2526,257.0,0.0014626317402698084
15.80424842818286,549.9777858124733,0.5329837535514875,12.357974935199634,1.0948457760449,0.2645,239.0,0.0021164863787404126
14.133109605435095,117.44651387312672,0.6674515872039185,14.019762174361428,1.036704230842452,0.2616,205.0,0.001994586004249667
13.665905936832381,232.9869091299811,0.4430868503617755,11.1493271589349,1.0942645433028337,0.2536,210.0,0.0017186913885245266
16.90399308375361,950.3332231739223,0.4098292730419308,10.603672101012753,1.0634913273206292,0.2595,253.0,0.001457206885815461
14.208032563353568,86.26439899360298,0.7543976118995412,15.159930354594708,1.0852602389556756,0.222,328.0,0.002115054718819694
12.038896809423958,434.95889481221275,0.6943059066828486,14.326526766203594,1.0403132206923171,0.2598,257.0,0.001729919964460928
15.561746173314361,221.87561400995446,0.4625873921770927,11.543743312633406,1.0485238961814694,0.2358,275.0,0.00161073249420062
14.698133440231189,2149.2019990993285,0.5567371893262166,12.85987397904448,1.075246941824632,0.2309,242.0,0.0012277106169832882
14.18691417718351,1269.572726609424,0.7828819121646597,15.285428721437956,1.0690698689089548,0.2516,250.0,0.0016397901840837737
20.314585582576335,3402.151699038607,0.27032609050857465,8.399554159503113,1.0785057331925165,0.2244,258.0,0.0028402501086079533
11.65173046205707,57.20850565732985,0.7925819559060441,15.449332994970419,1.0766879102092084,0.2383,250.0,0.002517588372316258
16.876255893451354,765.2407045453843,0.44641646329817797,11.135388638860281,1.0827768622791578,0.2646,239.0,0.0017970050290890614
18.143898927521654,2455.8937488599495,0.24739602507451716,7.834286200111762,1.0908890370144602,0.2413,197.0,0.0017596382320932801
16.78411004838824,1830.2079383944335,0.49017343699864274,12.017676513654656,1.0851740988143048,0.2227,316.0,0.0017034561910955104
14.494951353083366,3370.4240966080115,0.4700855281603668,11.658377333327412,1.0842345091405305,0.2348,250.0,0.002448029890396248
16.31432032746171,101.55653473022721,0.2767699072717456,8.364099369508866,1.0451358813530953,0.2482,301.0,0.0017924175828940656
12.520039053904833,862.9659496651564,0.7464250536346465,14.95388354095423,1.064236479693842,0.2451,274.0,0.0013787015930150845
15.236924293182884,669.2847007770008,0.5169733641192433,12.328348990288324,1.0929586243784002,0.2322,312.0,0.001856422447550994
18.44312746731661,2069.9345310909225,0.2507387969538733,7.850116847037221,1.0705148689421085,0.249,247.0,0.0012610163159849938
17.94488683040674,998.2001572490906,0.2879084549458238,8.57357225645063,1.0902464828561709,0.2485,302.0,0.0020633855594314743
14.90326176920108,57.998154491444666,0.6516492071806069,13.978262625653405,1.0621271391438178,0.2362,270.0,0.0015970913876744656
18.508531026978282,1754.2352183390012,0.3170351554110837,9.144542942244136,1.08439552428838,0.243,336.0,0.0015459524429604825
14.634810257355486,2098.5249366757243,0.44949436488018185,11.24326570132423,1.0539796786315332,0.2539,253.0,0.001423092120653553
14.893455571128403,744.3911208777065,0.3728077188648593,10.161739713447226,1.0836196472033524,0.2342,274.0,0.0016531604251850181
14.53006047854355,350.5284589868231,0.6065736866778746,13.415421521218356,1.0897840850180465,0.2422,207.0,0.00352968376944403
20.166717547305087,2556.5817654278044,0.36818590770684945,10.076862350709254,1.0779709947268876,0.2355,239.0,0.0016895224809479075
13.250329867828171,216.06902357304872,0.6588004032345495,13.811604939648996,1.007992859295463,0.2829,245.0,0.004057672632494776
17.028226383338765,267.43696621692516,0.490032084912328,11.960538705721012,1.0324158308427054,0.2317,247.0,0.002075680885049943
15.38399833243465,1572.5408571898784,0.4257163714696865,10.795842256268545,1.070525245029799,0.269,225.0,0.0015782985768509807
